run_date,run_id,label,title,company,location,url,date_posted
2026-08-19,2026-08-19T05:31:48,data_analyst,Junior Data Analyst,,"Cape Town City Centre, Cape Town Region",https://www.adzuna.co.za/land/ad/5813132470?se=XOwpQMeX8RG_yaSmB0dnHA&utm_medium=api&utm_source=cc1e0023&v=7D746362DFCEBE759D09A6FC1D0E5AE2A5D80C09,2026-07-24T03:21:34Z
2026-08-19,2026-08-19T05:31:48,data_analyst,Junior Data Analyst,,South Africa,https://www.adzuna.co.za/land/ad/5769956016?se=XOwpQMeX8RG_yaSmB0dnHA&utm_medium=api&utm_source=cc1e0023&v=84287CE317368A3F275844FDCF9EE828195DD072,2026-06-20T03:13:25Z
2026-08-19,2026-08-19T05:31:48,data_analyst,Data Analyst,,"Johannesburg, Gauteng",https://www.adzuna.co.za/land/ad/5817843724?se=XOwpQMeX8RG_yaSmB0dnHA&utm_medium=api&utm_source=cc1e0023&v=BD229EA2A5D63EF4E9BF562D5EF2947E3E76C3B3,2026-07-28T03:13:12Z
2026-08-19,2026-08-19T05:31:48,data_analyst,Data Analyst,,"Midrand, North Johannesburg",https://www.adzuna.co.za/land/ad/5802017254?se=XOwpQMeX8RG_yaSmB0dnHA&utm_medium=api&utm_source=cc1e0023&v=A42E904061A0487D3CBEC4EEEB0C3A48F892B651,2026-07-16T03:01:05Z
2026-08-19,2026-08-19T05:31:48,data_analyst,Data Analyst,,"Stellenbosch, Cape Winelands",https://www.adzuna.co.za/land/ad/5841096452?se=XOwpQMeX8RG_yaSmB0dnHA&utm_medium=api&utm_source=cc1e0023&v=A229547168B94EACBFD6F25332949E8FC3CA37AE,2026-08-14T03:42:29Z
2026-08-19,2026-08-19T05:31:48,data_analyst,Data Analyst,,"Stellenbosch, Cape Winelands",https://www.adzuna.co.za/land/ad/5790428646?se=XOwpQMeX8RG_yaSmB0dnHA&utm_medium=api&utm_source=cc1e0023&v=86A0225CE641D3E015B12CE797E734D876FE1680,2026-07-07T02:52:02Z
2026-08-19,2026-08-19T05:31:48,data_analyst,Data Analyst,,"Midrand, North Johannesburg",https://www.adzuna.co.za/land/ad/5827189604?se=XOwpQMeX8RG_yaSmB0dnHA&utm_medium=api&utm_source=cc1e0023&v=253C21E52473AFAD271D6C66FAF8CC726F5D95D2,2026-08-04T03:14:50Z
2026-08-19,2026-08-19T05:31:48,data_analyst,Data Analyst,Hire Resolve,"Centurion, Tshwane",https://www.adzuna.co.za/details/5489460673?utm_medium=api&utm_source=cc1e0023,2025-11-10T16:53:16Z
2026-08-19,2026-08-19T05:31:48,data_analyst,Data Analyst,Hire Resolve,"Johannesburg, Gauteng",https://www.adzuna.co.za/details/5488501647?utm_medium=api&utm_source=cc1e0023,2025-11-09T16:52:29Z
2026-08-19,2026-08-19T05:31:48,data_analyst,Data Analyst,Hire Resolve,"Pretoria, Tshwane",https://www.adzuna.co.za/details/5467260102?utm_medium=api&utm_source=cc1e0023,2025-10-28T06:52:54Z
2026-08-19,2026-08-19T05:31:48,data_analyst,Data Analyst,Unifi,"Stellenbosch, Cape Winelands",https://www.adzuna.co.za/details/5822927802?utm_medium=api&utm_source=cc1e0023,2026-08-01T01:19:49Z
2026-08-19,2026-08-19T05:31:48,data_analyst,Data Analyst,Hire Resolve,"Sandton, North Johannesburg",https://www.adzuna.co.za/details/5488501673?utm_medium=api&utm_source=cc1e0023,2025-11-09T16:52:31Z
2026-08-19,2026-08-19T05:31:48,data_analyst,Data Analyst,RPO Recruitment,"Germiston, Ekurhuleni",https://www.adzuna.co.za/details/5446461711?utm_medium=api&utm_source=cc1e0023,2025-10-14T06:40:58Z
2026-08-19,2026-08-19T05:31:48,data_analyst,Data Analyst,Rohlig-Grindrod,"Sandton, North Johannesburg",https://www.adzuna.co.za/details/5786094591?utm_medium=api&utm_source=cc1e0023,2026-07-03T00:53:53Z
2026-08-19,2026-08-19T05:31:48,data_analyst,Data Analyst,Hire Resolve,"Cape Town City Centre, Cape Town Region",https://www.adzuna.co.za/details/5458732509?utm_medium=api&utm_source=cc1e0023,2025-10-22T06:50:06Z
2026-08-19,2026-08-19T05:31:48,data_analyst,Data Analyst,Huzzle,South Africa,https://www.adzuna.co.za/details/5729387567?utm_medium=api&utm_source=cc1e0023,2026-05-14T18:13:45Z
2026-08-19,2026-08-19T05:31:48,data_analyst,Data Analyst,Parvana,"Cape Town Region, Western Cape",https://www.adzuna.co.za/details/5827034112?utm_medium=api&utm_source=cc1e0023,2026-08-04T00:32:16Z
2026-08-19,2026-08-19T05:31:48,data_analyst,Data Analyst,Parvana,"Cape Town Region, Western Cape",https://www.adzuna.co.za/details/5819192837?utm_medium=api&utm_source=cc1e0023,2026-07-29T04:20:05Z
2026-08-19,2026-08-19T05:31:48,data_analyst,Data Analyst,Smith Garb and Associates CC,"Midrand, North Johannesburg",https://www.adzuna.co.za/details/5800680419?utm_medium=api&utm_source=cc1e0023,2026-07-15T05:30:52Z
2026-08-19,2026-08-19T05:31:48,data_analyst,Data Analyst,,"Kensington, East Johannesburg",https://www.adzuna.co.za/details/5300995948?utm_medium=api&utm_source=cc1e0023,2025-07-13T21:35:35Z
2026-08-19,2026-08-19T05:31:48,data_analyst,Data Analyst,,"Kensington, East Johannesburg",https://www.adzuna.co.za/details/5285531124?utm_medium=api&utm_source=cc1e0023,2025-07-04T19:19:14Z
2026-08-19,2026-08-19T05:31:48,data_analyst,Data Analyst,Clockwork,"Johannesburg, Gauteng",https://www.adzuna.co.za/details/5713928245?utm_medium=api&utm_source=cc1e0023,2026-04-29T23:36:52Z
2026-08-19,2026-08-19T05:31:48,data_analyst,Data Analyst,Communicate Ct,"Cape Town Region, Western Cape",https://www.adzuna.co.za/details/5823538452?utm_medium=api&utm_source=cc1e0023,2026-08-01T10:09:37Z
2026-08-19,2026-08-19T05:31:48,data_analyst,Data Analyst,,"Kensington, East Johannesburg",https://www.adzuna.co.za/details/5828586441?utm_medium=api&utm_source=cc1e0023,2026-08-05T03:28:46Z
2026-08-19,2026-08-19T05:31:48,data_analyst,Data Analyst,,"Bo-Kaap, Cape Town City Centre",https://www.adzuna.co.za/details/5832772765?utm_medium=api&utm_source=cc1e0023,2026-08-08T03:22:55Z
2026-08-19,2026-08-19T05:31:48,data_analyst,Data Analyst,Job Crystal,South Africa,https://www.adzuna.co.za/details/5828692893?utm_medium=api&utm_source=cc1e0023,2026-08-05T05:46:29Z
2026-08-19,2026-08-19T05:31:48,data_analyst,Data Analyst,Job Crystal,South Africa,https://www.adzuna.co.za/details/5830172875?utm_medium=api&utm_source=cc1e0023,2026-08-06T10:01:13Z
2026-08-19,2026-08-19T05:31:48,data_analyst,Data Analyst,Jean-Mari Hellig Consult,"Bellville, Cape Town City Centre",https://www.adzuna.co.za/details/5768091128?utm_medium=api&utm_source=cc1e0023,2026-06-18T15:40:10Z
2026-08-19,2026-08-19T05:31:48,data_analyst,Data Analyst,Network IT,"North Johannesburg, Johannesburg",https://www.adzuna.co.za/details/5840006379?utm_medium=api&utm_source=cc1e0023,2026-08-13T10:02:03Z
2026-08-19,2026-08-19T05:31:48,data_analyst,Data Analyst,,"Kensington, East Johannesburg",https://www.adzuna.co.za/details/5330162627?utm_medium=api&utm_source=cc1e0023,2025-07-31T21:40:12Z
2026-08-19,2026-08-19T05:31:48,data_engineer,DATA ENGINEER,,"Bryanston, North Johannesburg",https://www.adzuna.co.za/land/ad/5820539249?se=qubSgMeX8RGhteErNNB1ww&utm_medium=api&utm_source=cc1e0023&v=9360A4BC7FBD40F610A33A7099A27832975AD4E8,2026-07-30T03:23:42Z
2026-08-19,2026-08-19T05:31:48,data_engineer,Data Engineer,,"Johannesburg, Gauteng",https://www.adzuna.co.za/land/ad/5804071589?se=qubSgMeX8RGhteErNNB1ww&utm_medium=api&utm_source=cc1e0023&v=240CDAFBB5FB20BC25781A2C9D95F192F449177A,2026-07-17T03:05:53Z
2026-08-19,2026-08-19T05:31:48,data_engineer,Data Engineer,,"Johannesburg, Gauteng",https://www.adzuna.co.za/land/ad/5828564505?se=qubSgMeX8RGhteErNNB1ww&utm_medium=api&utm_source=cc1e0023&v=988CF0EAFF617F321ED3A490034AC4CBD7DF7931,2026-08-05T03:23:49Z
2026-08-19,2026-08-19T05:31:48,data_engineer,Data Engineer,,"Centurion, Tshwane",https://www.adzuna.co.za/land/ad/5841096416?se=qubSgMeX8RGhteErNNB1ww&utm_medium=api&utm_source=cc1e0023&v=63310281F665C3F2A5054B4E4736204C7486355B,2026-08-14T03:42:28Z
2026-08-19,2026-08-19T05:31:48,data_engineer,Data Engineer,,South Africa,https://www.adzuna.co.za/land/ad/5814749940?se=qubSgMeX8RGhteErNNB1ww&utm_medium=api&utm_source=cc1e0023&v=CC595BA627E59A5DB4B965247DD809DF2EC7CDD4,2026-07-25T03:17:54Z
2026-08-19,2026-08-19T05:31:48,data_engineer,Cloud Data Engineer,,"Sandton, North Johannesburg",https://www.adzuna.co.za/land/ad/5805529464?se=qubSgMeX8RGhteErNNB1ww&utm_medium=api&utm_source=cc1e0023&v=A691A084468EDACC92AC160C73F1BBFF01710446,2026-07-18T02:59:09Z
2026-08-19,2026-08-19T05:31:48,data_engineer,Senior Data Engineer,,"Johannesburg, Gauteng",https://www.adzuna.co.za/land/ad/5823122420?se=qubSgMeX8RGhteErNNB1ww&utm_medium=api&utm_source=cc1e0023&v=003482C57D5573BEF5D8977C128FA69418A8582A,2026-08-01T03:13:48Z
2026-08-19,2026-08-19T05:31:48,data_engineer,Senior Data Engineer,,"Johannesburg, Gauteng",https://www.adzuna.co.za/land/ad/5839161867?se=qubSgMeX8RGhteErNNB1ww&utm_medium=api&utm_source=cc1e0023&v=92672AFA612F1A96022C230EB9D3F6D1779F2100,2026-08-13T03:26:12Z
2026-08-19,2026-08-19T05:31:48,data_engineer,Data Engineer - Contract - Hybrid,,"Cape Town City Centre, Cape Town Region",https://www.adzuna.co.za/land/ad/5810193620?se=qubSgMeX8RGhteErNNB1ww&utm_medium=api&utm_source=cc1e0023&v=4FCC82CAA49291008F1C33A8F7865DB1FD8DC790,2026-07-22T03:21:12Z
2026-08-19,2026-08-19T05:31:48,data_engineer,Data Engineer Graduate Programme,,"Cape Town City Centre, Cape Town Region",https://www.adzuna.co.za/land/ad/5841096503?se=qubSgMeX8RGhteErNNB1ww&utm_medium=api&utm_source=cc1e0023&v=71FABA896CF38B8586F1A7FD40DF446A4F49F98B,2026-08-14T03:42:33Z
2026-08-19,2026-08-19T05:31:48,data_engineer,Data Engineer (Advanced) 0659,,"Menlyn, Pretoria",https://www.adzuna.co.za/land/ad/5841096335?se=qubSgMeX8RGhteErNNB1ww&utm_medium=api&utm_source=cc1e0023&v=93824DA22C74680E9A8E6EE672B3ECAF856A357C,2026-08-14T03:42:26Z
2026-08-19,2026-08-19T05:31:48,data_engineer,Senior Data Engineer-06 Months Contract,,"Johannesburg, Gauteng",https://www.adzuna.co.za/land/ad/5837525636?se=qubSgMeX8RGhteErNNB1ww&utm_medium=api&utm_source=cc1e0023&v=6064DB7B8C4967B18C60EF8E1740DF6439268AE7,2026-08-12T03:25:29Z
2026-08-19,2026-08-19T05:31:48,data_engineer,AI Data Engineer,PST.AG,"Cape Town City Centre, Cape Town Region",https://www.adzuna.co.za/land/ad/5788771672?se=qubSgMeX8RGhteErNNB1ww&utm_medium=api&utm_source=cc1e0023&v=1138355B850E477A0EEED3E350B32567CAE70406,2026-07-05T06:46:33Z
2026-08-19,2026-08-19T05:31:48,data_engineer,Data Engineer,Prescient,"Cape Town City Centre, Cape Town Region",https://www.adzuna.co.za/details/5801920558?utm_medium=api&utm_source=cc1e0023,2026-07-16T01:23:56Z
2026-08-19,2026-08-19T05:31:48,data_engineer,Data Engineer,Salt,"Cape Town Region, Western Cape",https://www.adzuna.co.za/details/5814277861?utm_medium=api&utm_source=cc1e0023,2026-07-24T22:57:01Z
2026-08-19,2026-08-19T05:31:48,data_engineer,Data Engineer,Hire Resolve,"Johannesburg, Gauteng",https://www.adzuna.co.za/details/5771135904?utm_medium=api&utm_source=cc1e0023,2026-06-21T00:39:53Z
2026-08-19,2026-08-19T05:31:48,data_engineer,Data Engineer,Dis-Chem Life,"Sandton, North Johannesburg",https://www.adzuna.co.za/details/5474030851?utm_medium=api&utm_source=cc1e0023,2025-11-01T06:53:20Z
2026-08-19,2026-08-19T05:31:48,data_engineer,Data Engineer,Parvana,"Cape Town Region, Western Cape",https://www.adzuna.co.za/details/5839269248?utm_medium=api&utm_source=cc1e0023,2026-08-13T04:30:54Z
2026-08-19,2026-08-19T05:31:48,data_engineer,Data Engineer,OUTsurance,"Centurion, Tshwane",https://www.adzuna.co.za/details/5804908660?utm_medium=api&utm_source=cc1e0023,2026-07-17T15:28:05Z
2026-08-19,2026-08-19T05:31:48,data_engineer,Data Engineer,Hire Resolve,"Sandton, North Johannesburg",https://www.adzuna.co.za/details/5821693294?utm_medium=api&utm_source=cc1e0023,2026-07-31T01:19:30Z
2026-08-19,2026-08-19T05:31:48,data_engineer,Data Engineer,Hire Resolve,"Johannesburg, Gauteng",https://www.adzuna.co.za/details/5808570360?utm_medium=api&utm_source=cc1e0023,2026-07-21T01:27:19Z
2026-08-19,2026-08-19T05:31:48,data_engineer,Data Engineer,Unifi,"Stellenbosch, Cape Winelands",https://www.adzuna.co.za/details/5791515549?utm_medium=api&utm_source=cc1e0023,2026-07-08T01:03:04Z
2026-08-19,2026-08-19T05:31:48,data_engineer,Data Engineer,Araxi Group,"Johannesburg, Gauteng",https://www.adzuna.co.za/details/5817724941?utm_medium=api&utm_source=cc1e0023,2026-07-28T01:18:41Z
2026-08-19,2026-08-19T05:31:48,data_engineer,Data Engineer,Huzzle,South Africa,https://www.adzuna.co.za/details/5773417281?utm_medium=api&utm_source=cc1e0023,2026-06-23T12:04:26Z
2026-08-19,2026-08-19T05:31:48,data_engineer,Data Engineer,Hire Resolve,"Johannesburg, Gauteng",https://www.adzuna.co.za/details/5488501594?utm_medium=api&utm_source=cc1e0023,2025-11-09T16:52:26Z
2026-08-19,2026-08-19T05:31:48,data_engineer,Data Engineer,Hire Resolve,"Johannesburg, Gauteng",https://www.adzuna.co.za/details/5472104338?utm_medium=api&utm_source=cc1e0023,2025-10-31T06:54:42Z
2026-08-19,2026-08-19T05:31:48,data_engineer,Data Engineer,Ten Group,"Cape Town Region, Western Cape",https://www.adzuna.co.za/details/5799965308?utm_medium=api&utm_source=cc1e0023,2026-07-14T15:03:31Z
2026-08-19,2026-08-19T05:31:48,data_engineer,Data Engineer,Capitec Bank,"Stellenbosch, Cape Winelands",https://www.adzuna.co.za/details/5841483328?utm_medium=api&utm_source=cc1e0023,2026-08-14T10:03:18Z
2026-08-19,2026-08-19T05:31:48,data_engineer,Data Engineer,,"Kensington, East Johannesburg",https://www.adzuna.co.za/details/5814758542?utm_medium=api&utm_source=cc1e0023,2026-07-25T03:20:48Z
2026-08-19,2026-08-19T05:31:48,data_engineer,Data Engineer,ExecutivePlacements.com,"Johannesburg, Gauteng",https://www.adzuna.co.za/details/5805516968?utm_medium=api&utm_source=cc1e0023,2026-07-18T02:53:00Z
2026-08-19,2026-08-19T05:31:48,business_analyst,Business Analyst,,"Mowbray, Cape Town City Centre",https://www.adzuna.co.za/land/ad/5823123078?se=OKz0vzOa8RGXlua0wi23rg&utm_medium=api&utm_source=cc1e0023&v=8B7046B4675F496CEEA0D3C8B985028D1145FBEE,2026-08-01T03:15:40Z
2026-08-19,2026-08-19T05:31:48,business_analyst,Business Analyst,,"Johannesburg, Gauteng",https://www.adzuna.co.za/land/ad/5811662116?se=OKz0vzOa8RGXlua0wi23rg&utm_medium=api&utm_source=cc1e0023&v=1E6FC7FF8F850222191FF7041D037ABBB7DA2F4C,2026-07-23T03:15:38Z
2026-08-19,2026-08-19T05:31:48,business_analyst,Business Analyst,,"Stellenbosch, Cape Winelands",https://www.adzuna.co.za/land/ad/5836216749?se=OKz0vzOa8RGXlua0wi23rg&utm_medium=api&utm_source=cc1e0023&v=A602C4AB7E9E6452B3DC4F05246FE4D167B22B3E,2026-08-11T03:22:41Z
2026-08-19,2026-08-19T05:31:48,business_analyst,Business Analyst,,"Stellenbosch, Cape Winelands",https://www.adzuna.co.za/land/ad/5810193601?se=OKz0vzOa8RGXlua0wi23rg&utm_medium=api&utm_source=cc1e0023&v=90BBA96F6CEF85EC47992BE61D22630D7DB41F7A,2026-07-22T03:21:12Z
2026-08-19,2026-08-19T05:31:48,business_analyst,Junior Business Analyst Intern,,"Mdantsane, Buffalo City",https://www.adzuna.co.za/land/ad/5813131825?se=OKz0vzOa8RGXlua0wi23rg&utm_medium=api&utm_source=cc1e0023&v=A87FF8648815DD44DDBD4EDDC7CF03B3F754FBFE,2026-07-24T03:21:30Z
2026-08-19,2026-08-19T05:31:48,business_analyst,Intermediate Business Analyst,,"Centurion, Tshwane",https://www.adzuna.co.za/land/ad/5814750041?se=OKz0vzOa8RGXlua0wi23rg&utm_medium=api&utm_source=cc1e0023&v=5DEACEC81B395C3130CE445749D28C5073CF8D88,2026-07-25T03:17:54Z
2026-08-19,2026-08-19T05:31:48,business_analyst,Business Analyst / Process Engineer,,"Johannesburg, Gauteng",https://www.adzuna.co.za/land/ad/5832751786?se=OKz0vzOa8RGXlua0wi23rg&utm_medium=api&utm_source=cc1e0023&v=F9CEBAC65A4975A4FC806355BD1A83FB91E6FF61,2026-08-08T03:19:25Z
2026-08-19,2026-08-19T05:31:48,business_analyst,2153 Business Analyst (Senior),,"Menlyn, Pretoria",https://www.adzuna.co.za/land/ad/5843791977?se=OKz0vzOa8RGXlua0wi23rg&utm_medium=api&utm_source=cc1e0023&v=6DE0EFADC4EF9BE6722C849368C7599D89E73403,2026-08-16T03:51:44Z
2026-08-19,2026-08-19T05:31:48,business_analyst,Senior Business Analyst-12 Months Contract,,"Johannesburg, Gauteng",https://www.adzuna.co.za/land/ad/5842540521?se=OKz0vzOa8RGXlua0wi23rg&utm_medium=api&utm_source=cc1e0023&v=D4D082687F1DDA713A2C962911B39092AA95D8B7,2026-08-15T03:50:50Z
2026-08-19,2026-08-19T05:31:48,business_analyst,Business Analyst,Hire Resolve,"Gillitts, eThekwini",https://www.adzuna.co.za/details/5489460854?utm_medium=api&utm_source=cc1e0023,2025-11-10T16:53:28Z
2026-08-19,2026-08-19T05:31:48,business_analyst,Business Analyst,Blueion Support Services,"Sandton, North Johannesburg",https://www.adzuna.co.za/details/5469005768?utm_medium=api&utm_source=cc1e0023,2025-10-29T06:56:52Z
2026-08-19,2026-08-19T05:31:48,business_analyst,Business Analyst,Hire Resolve,"Cape Town City Centre, Cape Town Region",https://www.adzuna.co.za/details/5727379814?utm_medium=api&utm_source=cc1e0023,2026-05-13T00:13:33Z
2026-08-19,2026-08-19T05:31:48,business_analyst,Business Analyst,Hire Resolve,"Johannesburg, Gauteng",https://www.adzuna.co.za/details/5690229386?utm_medium=api&utm_source=cc1e0023,2026-04-04T23:45:13Z
2026-08-19,2026-08-19T05:31:48,business_analyst,Business Analyst,Sabenza IT & Recruitment,"Cape Town Region, Western Cape",https://www.adzuna.co.za/details/5832205360?utm_medium=api&utm_source=cc1e0023,2026-08-07T18:30:34Z
2026-08-19,2026-08-19T05:31:48,business_analyst,Business Analyst,Hire Resolve,"Johannesburg, Gauteng",https://www.adzuna.co.za/details/5824833930?utm_medium=api&utm_source=cc1e0023,2026-08-02T01:21:22Z
2026-08-19,2026-08-19T05:31:48,business_analyst,Business Analyst,Sabenza IT & Recruitment,"Cape Town Region, Western Cape",https://www.adzuna.co.za/details/5836583470?utm_medium=api&utm_source=cc1e0023,2026-08-11T12:30:20Z
2026-08-19,2026-08-19T05:31:48,business_analyst,Business Analyst,OpsFi,"Cape Town Region, Western Cape",https://www.adzuna.co.za/details/5811069986?utm_medium=api&utm_source=cc1e0023,2026-07-22T18:53:15Z
2026-08-19,2026-08-19T05:31:48,business_analyst,Business Analyst,Keen,"Cape Town Region, Western Cape",https://www.adzuna.co.za/details/5783927841?utm_medium=api&utm_source=cc1e0023,2026-07-01T18:33:02Z
2026-08-19,2026-08-19T05:31:48,business_analyst,Business Analyst,Hire Resolve,"Johannesburg, Gauteng",https://www.adzuna.co.za/details/5757762710?utm_medium=api&utm_source=cc1e0023,2026-06-10T00:27:32Z
2026-08-19,2026-08-19T05:31:48,business_analyst,Business Analyst,Wheco Group,"Port Elizabeth, Nelson Mandela Bay",https://www.adzuna.co.za/details/5757763606?utm_medium=api&utm_source=cc1e0023,2026-06-10T00:28:19Z
2026-08-19,2026-08-19T05:31:48,business_analyst,Business Analyst,Red Panda,"Lansdowne, Cape Town City Centre",https://www.adzuna.co.za/details/5823850996?utm_medium=api&utm_source=cc1e0023,2026-08-01T12:36:16Z
2026-08-19,2026-08-19T05:31:48,business_analyst,Business Analyst,reversidesoftwaresolutionspt,"Johannesburg, Gauteng",https://www.adzuna.co.za/details/5837139990?utm_medium=api&utm_source=cc1e0023,2026-08-11T22:30:53Z
2026-08-19,2026-08-19T05:31:48,business_analyst,Business Analyst,Pepkor Lifestyle,"Sandton, North Johannesburg",https://www.adzuna.co.za/details/5808573181?utm_medium=api&utm_source=cc1e0023,2026-07-21T01:32:17Z
2026-08-19,2026-08-19T05:31:48,business_analyst,Business Analyst,Unifi,"Stellenbosch, Cape Winelands",https://www.adzuna.co.za/details/5790353049?utm_medium=api&utm_source=cc1e0023,2026-07-07T00:56:54Z
2026-08-19,2026-08-19T05:31:48,business_analyst,Business Analyst,,"Mamelodi, Pretoria",https://www.adzuna.co.za/details/5324497553?utm_medium=api&utm_source=cc1e0023,2025-07-27T21:40:38Z
2026-08-19,2026-08-19T05:31:48,business_analyst,Business Analyst,,"Centurion, Tshwane",https://www.adzuna.co.za/details/5299697735?utm_medium=api&utm_source=cc1e0023,2025-07-12T21:33:50Z
2026-08-19,2026-08-19T05:31:48,business_analyst,Business Analyst,ooba,"Kloof Street, Cape Town City Centre",https://www.adzuna.co.za/details/5240279821?utm_medium=api&utm_source=cc1e0023,2025-06-08T19:56:55Z
2026-08-19,2026-08-19T05:31:48,business_analyst,Business Analyst,RedM Professional Services,"Jukskei Park, North Johannesburg",https://www.adzuna.co.za/details/5842852986?utm_medium=api&utm_source=cc1e0023,2026-08-15T10:07:49Z
2026-08-19,2026-08-19T05:31:48,business_analyst,Business Analyst,Tumaini Consulting,"Johannesburg, Gauteng",https://www.adzuna.co.za/details/5768653978?utm_medium=api&utm_source=cc1e0023,2026-06-19T00:05:04Z
2026-08-19,2026-08-19T05:31:48,business_analyst,Business Analyst,Africonology,"Johannesburg, Gauteng",https://www.adzuna.co.za/details/5727395047?utm_medium=api&utm_source=cc1e0023,2026-05-13T00:16:25Z
2026-08-19,2026-08-19T05:31:49,accountant,Accountant,,"Pretoria, Tshwane",https://www.adzuna.co.za/land/ad/5805534542?se=wgtsyMSa8RGzmOMcQi4zRg&utm_medium=api&utm_source=cc1e0023&v=2EE31D85D710F22FD78FE9EB10D2F4ED14EAEF05,2026-07-18T03:01:32Z
2026-08-19,2026-08-19T05:31:49,accountant,Accountant,,"Centurion, Tshwane",https://www.adzuna.co.za/land/ad/5820538984?se=wgtsyMSa8RGzmOMcQi4zRg&utm_medium=api&utm_source=cc1e0023&v=3B63357251AD83F984A8AE6144A59F2C6BDAFF6F,2026-07-30T03:23:39Z
2026-08-19,2026-08-19T05:31:49,accountant,Accountant,,"Pretoria, Tshwane",https://www.adzuna.co.za/land/ad/5841098052?se=wgtsyMSa8RGzmOMcQi4zRg&utm_medium=api&utm_source=cc1e0023&v=BDE95E31561C427F4C39C70D55FCA7829B34B690,2026-08-14T03:44:14Z
2026-08-19,2026-08-19T05:31:49,accountant,Accountant,,"Johannesburg, Gauteng",https://www.adzuna.co.za/land/ad/5843793003?se=wgtsyMSa8RGzmOMcQi4zRg&utm_medium=api&utm_source=cc1e0023&v=1D6791E99F8C30FA9D38C06179076FB1CFC48F93,2026-08-16T03:52:56Z
2026-08-19,2026-08-19T05:31:49,accountant,Accountant,,"Rustenburg, Bojanala Platinum",https://www.adzuna.co.za/land/ad/5845813384?se=wgtsyMSa8RGzmOMcQi4zRg&utm_medium=api&utm_source=cc1e0023&v=BE22B88B9E721509CCECB25087F3915826AD53EC,2026-08-18T03:43:34Z
2026-08-19,2026-08-19T05:31:49,accountant,Accountant,,"Johannesburg, Gauteng",https://www.adzuna.co.za/land/ad/5841098054?se=wgtsyMSa8RGzmOMcQi4zRg&utm_medium=api&utm_source=cc1e0023&v=E1E127178BECCEA9E3C2D2893AC8277C0BD87E83,2026-08-14T03:44:14Z
2026-08-19,2026-08-19T05:31:49,accountant,Accountant,,"Pretoria, Tshwane",https://www.adzuna.co.za/land/ad/5843792900?se=wgtsyMSa8RGzmOMcQi4zRg&utm_medium=api&utm_source=cc1e0023&v=4C818614603969FE1BA5D13E2EEF99F367664B66,2026-08-16T03:52:53Z
2026-08-19,2026-08-19T05:31:49,accountant,Accountant,,"Johannesburg, Gauteng",https://www.adzuna.co.za/land/ad/5821832890?se=wgtsyMSa8RGzmOMcQi4zRg&utm_medium=api&utm_source=cc1e0023&v=AE90356D739C8CB0D65417E61EFCCC2D2467FB66,2026-07-31T03:27:55Z
2026-08-19,2026-08-19T05:31:49,accountant,Accountant,,"Rustenburg, Bojanala Platinum",https://www.adzuna.co.za/land/ad/5832759380?se=wgtsyMSa8RGzmOMcQi4zRg&utm_medium=api&utm_source=cc1e0023&v=AE76748E8AB9698AEA0C958CF74D919380D09038,2026-08-08T03:20:49Z
2026-08-19,2026-08-19T05:31:49,accountant,Accountant,,"Pretoria, Tshwane",https://www.adzuna.co.za/land/ad/5841098199?se=wgtsyMSa8RGzmOMcQi4zRg&utm_medium=api&utm_source=cc1e0023&v=07A9E502F5F4C9D3D7ABEB8B3955C09EA2573B2C,2026-08-14T03:44:19Z
2026-08-19,2026-08-19T05:31:49,accountant,Accountant,,"Stellenbosch, Cape Winelands",https://www.adzuna.co.za/land/ad/5832759870?se=wgtsyMSa8RGzmOMcQi4zRg&utm_medium=api&utm_source=cc1e0023&v=CE18207CEBFE31818DBD5C573540B95AEC554EEE,2026-08-08T03:20:52Z
2026-08-19,2026-08-19T05:31:49,accountant,Accountant,,"Cape Town City Centre, Cape Town Region",https://www.adzuna.co.za/land/ad/5828575811?se=wgtsyMSa8RGzmOMcQi4zRg&utm_medium=api&utm_source=cc1e0023&v=D2CF005403003B975BCB93C6B7999EC932389F7E,2026-08-05T03:26:28Z
2026-08-19,2026-08-19T05:31:49,accountant,Accountant,,"Cape Town City Centre, Cape Town Region",https://www.adzuna.co.za/land/ad/5837525891?se=wgtsyMSa8RGzmOMcQi4zRg&utm_medium=api&utm_source=cc1e0023&v=0191591749B302F95CE788D99412454650B51F77,2026-08-12T03:25:32Z
2026-08-19,2026-08-19T05:31:49,accountant,Accountant,,"Johannesburg, Gauteng",https://www.adzuna.co.za/land/ad/5813132367?se=wgtsyMSa8RGzmOMcQi4zRg&utm_medium=api&utm_source=cc1e0023&v=78A8F326D1FCA0346CAA2E5102403F50D5EBE14F,2026-07-24T03:21:33Z
2026-08-19,2026-08-19T05:31:49,accountant,Accountant,,"Cape Town City Centre, Cape Town Region",https://www.adzuna.co.za/land/ad/5813132131?se=wgtsyMSa8RGzmOMcQi4zRg&utm_medium=api&utm_source=cc1e0023&v=F451FE1B77EB5E29026E268EF70E35D96663B721,2026-07-24T03:21:32Z
2026-08-19,2026-08-19T05:31:49,accountant,Accountant,,"Johannesburg, Gauteng",https://www.adzuna.co.za/land/ad/5823123221?se=wgtsyMSa8RGzmOMcQi4zRg&utm_medium=api&utm_source=cc1e0023&v=767CD8C2D92108B0EA782C215CCEFE0D35F545B1,2026-08-01T03:15:41Z
2026-08-19,2026-08-19T05:31:49,accountant,Accountant,,"Cape Town City Centre, Cape Town Region",https://www.adzuna.co.za/land/ad/5813131186?se=wgtsyMSa8RGzmOMcQi4zRg&utm_medium=api&utm_source=cc1e0023&v=C405308B3FB16D47ADDBB6F43485ED74EE8D1564,2026-07-24T03:21:26Z
2026-08-19,2026-08-19T05:31:49,accountant,Accountant,,"Pretoria, Tshwane",https://www.adzuna.co.za/land/ad/5832759876?se=wgtsyMSa8RGzmOMcQi4zRg&utm_medium=api&utm_source=cc1e0023&v=C95431F41ADBE0BB741E0BCF08392BACF3DC4979,2026-08-08T03:20:52Z
2026-08-19,2026-08-19T05:31:49,accountant,Accountant,,"Centurion, Tshwane",https://www.adzuna.co.za/land/ad/5805534450?se=wgtsyMSa8RGzmOMcQi4zRg&utm_medium=api&utm_source=cc1e0023&v=6A44CD39EFAA26BF08BEB5128F55CCD9987133A2,2026-07-18T03:01:31Z
2026-08-19,2026-08-19T05:31:49,accountant,Accountant,,"Cape Town City Centre, Cape Town Region",https://www.adzuna.co.za/land/ad/5837528400?se=wgtsyMSa8RGzmOMcQi4zRg&utm_medium=api&utm_source=cc1e0023&v=4EB93DDDF24FADDE869380243CD1A4C6B0103A88,2026-08-12T03:26:26Z
2026-08-19,2026-08-19T05:31:49,accountant,Junior Accountant,,"Umhlanga Rocks, eThekwini",https://www.adzuna.co.za/land/ad/5821832778?se=wgtsyMSa8RGzmOMcQi4zRg&utm_medium=api&utm_source=cc1e0023&v=9D1ECDB4F3D48B85F6F3A188CEB6A8E40A10F067,2026-07-31T03:27:54Z
2026-08-19,2026-08-19T05:31:49,accountant,Financial Accountant,,"Johannesburg, Gauteng",https://www.adzuna.co.za/land/ad/5839162743?se=wgtsyMSa8RGzmOMcQi4zRg&utm_medium=api&utm_source=cc1e0023&v=A8A172933CE73DB242CDE2E7904BA74615944179,2026-08-13T03:27:26Z
2026-08-19,2026-08-19T05:31:49,accountant,Junior Accountant,,"Centurion, Tshwane",https://www.adzuna.co.za/land/ad/5832759636?se=wgtsyMSa8RGzmOMcQi4zRg&utm_medium=api&utm_source=cc1e0023&v=E44D5EB6557C18BC529955E4C6A4F104D5092F8B,2026-08-08T03:20:50Z
2026-08-19,2026-08-19T05:31:49,accountant,Financial Accountant,,"Cape Town City Centre, Cape Town Region",https://www.adzuna.co.za/land/ad/5839163165?se=wgtsyMSa8RGzmOMcQi4zRg&utm_medium=api&utm_source=cc1e0023&v=834687A1B37E10D227B9D116D5A55F3E2A7640E9,2026-08-13T03:27:32Z
2026-08-19,2026-08-19T05:31:49,accountant,Junior Accountant,,"Johannesburg, Gauteng",https://www.adzuna.co.za/land/ad/5841100066?se=wgtsyMSa8RGzmOMcQi4zRg&utm_medium=api&utm_source=cc1e0023&v=4DF462BA0326AAD16A74F18A2DB39994FB7C61D7,2026-08-14T03:45:25Z
2026-08-19,2026-08-19T05:31:49,accountant,Junior Accountant,,"Midrand, North Johannesburg",https://www.adzuna.co.za/land/ad/5813132045?se=wgtsyMSa8RGzmOMcQi4zRg&utm_medium=api&utm_source=cc1e0023&v=9EA5A6D4557EFD3B70FC9395E9890D1CE4E5678F,2026-07-24T03:21:32Z
2026-08-19,2026-08-19T05:31:49,accountant,Junior Accountant,,"Midrand, North Johannesburg",https://www.adzuna.co.za/land/ad/5828575783?se=wgtsyMSa8RGzmOMcQi4zRg&utm_medium=api&utm_source=cc1e0023&v=C64125DD7D5B03B751B2CA30F8B9B40A253B41F8,2026-08-05T03:26:28Z
2026-08-19,2026-08-19T05:31:49,accountant,Financial Accountant,,"Johannesburg, Gauteng",https://www.adzuna.co.za/land/ad/5813132497?se=wgtsyMSa8RGzmOMcQi4zRg&utm_medium=api&utm_source=cc1e0023&v=A97B2C16F3C2DA97206E712D532DBEE69B8E1FFF,2026-07-24T03:21:34Z
2026-08-19,2026-08-19T05:31:49,accountant,Site Accountant,,"Johannesburg, Gauteng",https://www.adzuna.co.za/land/ad/5819134205?se=wgtsyMSa8RGzmOMcQi4zRg&utm_medium=api&utm_source=cc1e0023&v=7952A550E2F791B67C61CE850558C39D0F686489,2026-07-29T03:24:44Z
2026-08-19,2026-08-19T05:31:49,accountant,Junior Accountant,,"Midrand, North Johannesburg",https://www.adzuna.co.za/land/ad/5820539172?se=wgtsyMSa8RGzmOMcQi4zRg&utm_medium=api&utm_source=cc1e0023&v=45D8E22CE48F45CBBCBD5A97010384EA374AAF7D,2026-07-30T03:23:41Z
2026-08-19,2026-08-19T05:31:49,registered_nurse,Registered Nurse,,"White River, Mbombela",https://www.adzuna.co.za/land/ad/5843792826?se=qLY-4sSa8RGa-tdtBJjPpA&utm_medium=api&utm_source=cc1e0023&v=F018B67775F3DE2FFE55BE8F6FDC04A718D9BB7A,2026-08-16T03:52:52Z
2026-08-19,2026-08-19T05:31:49,registered_nurse,Professional Registered Nurse – Palliative Care,,"Cape Town City Centre, Cape Town Region",https://www.adzuna.co.za/land/ad/5813131568?se=qLY-4sSa8RGa-tdtBJjPpA&utm_medium=api&utm_source=cc1e0023&v=91E80DC0FABABE84D2F66375B1A1C9DDEEE7B0F3,2026-07-24T03:21:29Z
2026-08-19,2026-08-19T05:31:49,registered_nurse,Registered Nurse,,"Gauteng, South Africa",https://www.adzuna.co.za/details/5841105272?utm_medium=api&utm_source=cc1e0023,2026-08-14T03:47:30Z
2026-08-19,2026-08-19T05:31:49,registered_nurse,Registered Nurse,African Echoes Recruitment,"White River, Mbombela",https://www.adzuna.co.za/details/5844195808?utm_medium=api&utm_source=cc1e0023,2026-08-16T13:44:48Z
2026-08-19,2026-08-19T05:31:49,registered_nurse,Registered Nurse,African Echoes Recruitment,"Mpumalanga, South Africa",https://www.adzuna.co.za/details/5833179000?utm_medium=api&utm_source=cc1e0023,2026-08-08T09:58:25Z
2026-08-19,2026-08-19T05:31:49,registered_nurse,Registered Nurse,Healthscope,South Africa,https://www.adzuna.co.za/details/5830174793?utm_medium=api&utm_source=cc1e0023,2026-08-06T10:03:57Z
2026-08-19,2026-08-19T05:31:49,registered_nurse,Registered Nurse,Healthscope,South Africa,https://www.adzuna.co.za/details/5762593100?utm_medium=api&utm_source=cc1e0023,2026-06-13T14:40:11Z
2026-08-19,2026-08-19T05:31:49,registered_nurse,Registered Nurse,Life Healthcare Group  Ltd,"Johannesburg, Gauteng",https://www.adzuna.co.za/details/5841287117?utm_medium=api&utm_source=cc1e0023,2026-08-14T05:46:42Z
2026-08-19,2026-08-19T05:31:49,registered_nurse,Registered Nurse,Charisma Healthcare Solutions,"Mpumalanga, South Africa",https://www.adzuna.co.za/details/5823531696?utm_medium=api&utm_source=cc1e0023,2026-08-01T10:06:36Z
2026-08-19,2026-08-19T05:31:49,registered_nurse,Registered Nurse,Essential Health Group,"Brackenfell, Cape Town City Centre",https://www.adzuna.co.za/details/5815472320?utm_medium=api&utm_source=cc1e0023,2026-07-25T17:27:28Z
2026-08-19,2026-08-19T05:31:49,registered_nurse,Registered Nurse/Independent Clinical Technologist,,"Polokwane, Capricorn",https://www.adzuna.co.za/land/ad/5837523211?se=qLY-4sSa8RGa-tdtBJjPpA&utm_medium=api&utm_source=cc1e0023&v=1B307E1F75B1301A281D560A6C3EE4B23A5DE111,2026-08-12T03:23:18Z
2026-08-19,2026-08-19T05:31:49,registered_nurse,Registered Nurse/Independent Clinical Technologist,,"East London, Buffalo City",https://www.adzuna.co.za/land/ad/5821831359?se=qLY-4sSa8RGa-tdtBJjPpA&utm_medium=api&utm_source=cc1e0023&v=1699C608C6EFE3E5793E7452185F30ADB44CF3BB,2026-07-31T03:26:43Z
2026-08-19,2026-08-19T05:31:49,registered_nurse,Registered Nurse/Independent Clinical Technologist,,"Cape Town City Centre, Cape Town Region",https://www.adzuna.co.za/land/ad/5837523212?se=qLY-4sSa8RGa-tdtBJjPpA&utm_medium=api&utm_source=cc1e0023&v=EAE353E483EFFFAC33CFB8B1D5E5DF4FA7C5C034,2026-08-12T03:23:18Z
2026-08-19,2026-08-19T05:31:49,registered_nurse,ICU Registered Nurse,RPO Recruitment,"Bellville, Cape Town City Centre",https://www.adzuna.co.za/details/5454956498?utm_medium=api&utm_source=cc1e0023,2025-10-19T06:43:52Z
2026-08-19,2026-08-19T05:31:49,registered_nurse,Registered Nurse - Theatre,RPO Recruitment,"Bellville, Cape Town City Centre",https://www.adzuna.co.za/details/5467260058?utm_medium=api&utm_source=cc1e0023,2025-10-28T06:52:48Z
2026-08-19,2026-08-19T05:31:49,registered_nurse,Registered Nurse Theatre,Clinix Health Group  Ltd,"Mahikeng, Central",https://www.adzuna.co.za/details/5837397823?utm_medium=api&utm_source=cc1e0023,2026-08-12T01:24:36Z
2026-08-19,2026-08-19T05:31:49,registered_nurse,Registered Nurse Paediatric,Clinix Health Group  Ltd,"Mahikeng, Central",https://www.adzuna.co.za/details/5837397815?utm_medium=api&utm_source=cc1e0023,2026-08-12T01:24:36Z
2026-08-19,2026-08-19T05:31:49,registered_nurse,Registered Nurse: Paediatrics,Clinix Health Group  Ltd,"Sandton, North Johannesburg",https://www.adzuna.co.za/details/5699410379?utm_medium=api&utm_source=cc1e0023,2026-04-14T23:58:46Z
2026-08-19,2026-08-19T05:31:49,registered_nurse,Registered Nurse - Newlands,The Nurture Health Group,"Cape Town City Centre, Cape Town Region",https://www.adzuna.co.za/details/5840943652?utm_medium=api&utm_source=cc1e0023,2026-08-14T01:25:44Z
2026-08-19,2026-08-19T05:31:49,registered_nurse,ICU Registered Nurse,Hire Resolve,"Klerksdorp, Matlosana",https://www.adzuna.co.za/details/5453381086?utm_medium=api&utm_source=cc1e0023,2025-10-18T06:42:37Z
2026-08-19,2026-08-19T05:31:49,registered_nurse,Locum - Registered Nurse,Faircape,"Cape Town Region, Western Cape",https://www.adzuna.co.za/details/5791515721?utm_medium=api&utm_source=cc1e0023,2026-07-08T01:03:06Z
2026-08-19,2026-08-19T05:31:49,registered_nurse,Pool - Registered Nurse,Faircape,"Cape Town Region, Western Cape",https://www.adzuna.co.za/details/5775455333?utm_medium=api&utm_source=cc1e0023,2026-06-25T00:44:55Z
2026-08-19,2026-08-19T05:31:49,registered_nurse,Registered Nurse Johannesburg,Netcare Group,"Johannesburg, Gauteng",https://www.adzuna.co.za/details/5814895376?utm_medium=api&utm_source=cc1e0023,2026-07-25T05:36:09Z
2026-08-19,2026-08-19T05:31:49,registered_nurse,Registered Nurse Kimberley,Glasshouse Recruiting,"Kimberley, Sol Plaatjie",https://www.adzuna.co.za/details/5839352135?utm_medium=api&utm_source=cc1e0023,2026-08-13T05:45:59Z
2026-08-19,2026-08-19T05:31:49,registered_nurse,Registered Nurse Johannesburg,Life Healthcare Group  Ltd,"Johannesburg, Gauteng",https://www.adzuna.co.za/details/5825284446?utm_medium=api&utm_source=cc1e0023,2026-08-02T05:41:42Z
2026-08-19,2026-08-19T05:31:49,registered_nurse,Registered Nurse Johannesburg,Glasshouse Recruiting,"Johannesburg, Gauteng",https://www.adzuna.co.za/details/5819281697?utm_medium=api&utm_source=cc1e0023,2026-07-29T05:40:04Z
2026-08-19,2026-08-19T05:31:49,registered_nurse,Registered Nurse Kathu,Glasshouse Recruiting,"Kathu, Gamagara",https://www.adzuna.co.za/details/5839352181?utm_medium=api&utm_source=cc1e0023,2026-08-13T05:46:00Z
2026-08-19,2026-08-19T05:31:49,registered_nurse,Registered Nurse Kathu,Glasshouse Recruiting,"Kathu, Gamagara",https://www.adzuna.co.za/details/5839352160?utm_medium=api&utm_source=cc1e0023,2026-08-13T05:45:59Z
2026-08-19,2026-08-19T05:31:49,registered_nurse,Registered Nurse Kimberley,Glasshouse Recruiting,"Kimberley, Sol Plaatjie",https://www.adzuna.co.za/details/5839352006?utm_medium=api&utm_source=cc1e0023,2026-08-13T05:45:56Z
2026-08-19,2026-08-19T05:31:49,registered_nurse,Registered Nurse Johannesburg,Life Healthcare Group  Ltd,"Johannesburg, Gauteng",https://www.adzuna.co.za/details/5831500634?utm_medium=api&utm_source=cc1e0023,2026-08-07T05:45:13Z
2026-08-19,2026-08-19T05:31:49,civil_engineer,Senior Civil Engineer,,"Pietermaritzburg, Msunduzi",https://www.adzuna.co.za/land/ad/5839163011?se=mrOwOsWa8RGyIdVC-Du-Yg&utm_medium=api&utm_source=cc1e0023&v=C0A06BF3FD77CA398778412B5588135BC2C0E823,2026-08-13T03:27:29Z
2026-08-19,2026-08-19T05:31:49,civil_engineer,Civil Engineer Water,,"Pretoria, Tshwane",https://www.adzuna.co.za/land/ad/5831360026?se=mrOwOsWa8RGyIdVC-Du-Yg&utm_medium=api&utm_source=cc1e0023&v=0FF2E186B21AD56890AB21C9BADB628D8CD5E8FA,2026-08-07T03:20:30Z
2026-08-19,2026-08-19T05:31:49,civil_engineer,Structural/Civil Engineer,,"Grahamstown, Makana",https://www.adzuna.co.za/land/ad/5839164905?se=mrOwOsWa8RGyIdVC-Du-Yg&utm_medium=api&utm_source=cc1e0023&v=1AF4F84BC44FBA852E2A8DB0CFA2EC5C34BA2412,2026-08-13T03:28:07Z
2026-08-19,2026-08-19T05:31:49,civil_engineer,Civil Engineer,Hire Resolve,"Cape Town City Centre, Cape Town Region",https://www.adzuna.co.za/details/5458732364?utm_medium=api&utm_source=cc1e0023,2025-10-22T06:49:38Z
2026-08-19,2026-08-19T05:31:49,civil_engineer,Civil Engineer,Hire Resolve,"Johannesburg, Gauteng",https://www.adzuna.co.za/details/5456952527?utm_medium=api&utm_source=cc1e0023,2025-10-21T06:46:00Z
2026-08-19,2026-08-19T05:31:49,civil_engineer,Civil Engineer,Hire Resolve,"Cape Town City Centre, Cape Town Region",https://www.adzuna.co.za/details/5488502010?utm_medium=api&utm_source=cc1e0023,2025-11-09T16:52:50Z
2026-08-19,2026-08-19T05:31:49,civil_engineer,Civil Engineer,Hire Resolve,"Cape Town City Centre, Cape Town Region",https://www.adzuna.co.za/details/5824834292?utm_medium=api&utm_source=cc1e0023,2026-08-02T01:21:32Z
2026-08-19,2026-08-19T05:31:49,civil_engineer,Civil Engineer,Hire Resolve,"Cape Town City Centre, Cape Town Region",https://www.adzuna.co.za/details/5488512558?utm_medium=api&utm_source=cc1e0023,2025-11-09T17:06:31Z
2026-08-19,2026-08-19T05:31:49,civil_engineer,Civil Engineer,Hire Resolve,"Cape Town City Centre, Cape Town Region",https://www.adzuna.co.za/details/5489460848?utm_medium=api&utm_source=cc1e0023,2025-11-10T16:53:28Z
2026-08-19,2026-08-19T05:31:49,civil_engineer,Civil Engineer,Hire Resolve,"Cape Town City Centre, Cape Town Region",https://www.adzuna.co.za/details/5824833843?utm_medium=api&utm_source=cc1e0023,2026-08-02T01:21:20Z
2026-08-19,2026-08-19T05:31:49,civil_engineer,Civil Engineer,Hire Resolve,"Northam, Thabazimbi",https://www.adzuna.co.za/details/5488501731?utm_medium=api&utm_source=cc1e0023,2025-11-09T16:52:34Z
2026-08-19,2026-08-19T05:31:49,civil_engineer,Civil Engineer,,"Cape Town Region, Western Cape",https://www.adzuna.co.za/details/5655701985?utm_medium=api&utm_source=cc1e0023,2026-03-06T01:47:45Z
2026-08-19,2026-08-19T05:31:49,civil_engineer,Civil Engineer,Assegai Recruitment,"Umhlanga Rocks, eThekwini",https://www.adzuna.co.za/details/5838200361?utm_medium=api&utm_source=cc1e0023,2026-08-12T13:40:53Z
2026-08-19,2026-08-19T05:31:49,civil_engineer,Civil Engineer,,"Adelaide, Nxuba",https://www.adzuna.co.za/details/5294132274?utm_medium=api&utm_source=cc1e0023,2025-07-09T21:36:33Z
2026-08-19,2026-08-19T05:31:49,civil_engineer,Civil Engineer,Assegai Recruitment,"Umhlanga Rocks, eThekwini",https://www.adzuna.co.za/details/5840004513?utm_medium=api&utm_source=cc1e0023,2026-08-13T10:00:42Z
2026-08-19,2026-08-19T05:31:49,civil_engineer,Civil Engineer,Goldman Tech Resourcing,"Johannesburg, Gauteng",https://www.adzuna.co.za/details/5766015385?utm_medium=api&utm_source=cc1e0023,2026-06-17T00:06:03Z
2026-08-19,2026-08-19T05:31:49,civil_engineer,Civil Engineer,MJR Personnel,"Brits, Madibeng",https://www.adzuna.co.za/details/5820895124?utm_medium=api&utm_source=cc1e0023,2026-07-30T10:09:38Z
2026-08-19,2026-08-19T05:31:49,civil_engineer,Civil Engineer,Tumaini Consulting,"Pretoria, Tshwane",https://www.adzuna.co.za/details/5761548071?utm_medium=api&utm_source=cc1e0023,2026-06-12T21:14:56Z
2026-08-19,2026-08-19T05:31:49,civil_engineer,Civil Engineer,Hatch,"Johannesburg, Gauteng",https://www.adzuna.co.za/details/5841466445?utm_medium=api&utm_source=cc1e0023,2026-08-14T08:48:09Z
2026-08-19,2026-08-19T05:31:49,civil_engineer,Head of Civil Engineering Department,Takora,"Johannesburg, Gauteng",https://www.adzuna.co.za/land/ad/5742991915?se=mrOwOsWa8RGyIdVC-Du-Yg&utm_medium=api&utm_source=cc1e0023&v=132087E41A7480A36EFDE7DDADE8726C0EDFE904,2026-05-28T06:12:54Z
2026-08-19,2026-08-19T05:31:49,civil_engineer,Civil Engineer - 5 years ,Lerena Recruitment Services,"Pretoria, Tshwane",https://www.adzuna.co.za/land/ad/5817999667?se=mrOwOsWa8RGyIdVC-Du-Yg&utm_medium=api&utm_source=cc1e0023&v=6F6D51145C0AA6E4B424F5B12E85033F0D3BDBEE,2026-07-28T07:11:20Z
2026-08-19,2026-08-19T05:31:49,civil_engineer,Senior Design Civil Engineer,Takora,"Johannesburg, Gauteng",https://www.adzuna.co.za/land/ad/5742991935?se=mrOwOsWa8RGyIdVC-Du-Yg&utm_medium=api&utm_source=cc1e0023&v=149B2884ED011E59AD54F0933B5525FB2B871B48,2026-05-28T06:12:54Z
2026-08-19,2026-08-19T05:31:49,civil_engineer,Graduate Civil Engineer,DRA,South Africa,https://www.adzuna.co.za/details/5810781249?utm_medium=api&utm_source=cc1e0023,2026-07-22T12:35:52Z
2026-08-19,2026-08-19T05:31:49,civil_engineer,Junior Civil Engineer,Hire Resolve,"Knysna, Eden",https://www.adzuna.co.za/details/5771135905?utm_medium=api&utm_source=cc1e0023,2026-06-21T00:39:53Z
2026-08-19,2026-08-19T05:31:49,civil_engineer,Senior Civil Engineer,Hire Resolve,"Cape Town City Centre, Cape Town Region",https://www.adzuna.co.za/details/5485539318?utm_medium=api&utm_source=cc1e0023,2025-11-07T16:34:14Z
2026-08-19,2026-08-19T05:31:49,civil_engineer,Senior Civil Engineer,Hire Resolve,"Cape Town City Centre, Cape Town Region",https://www.adzuna.co.za/details/5465817238?utm_medium=api&utm_source=cc1e0023,2025-10-27T06:51:14Z
2026-08-19,2026-08-19T05:31:49,civil_engineer,Professional Civil Engineer,Hire Resolve,"Cape Town City Centre, Cape Town Region",https://www.adzuna.co.za/details/5727383953?utm_medium=api&utm_source=cc1e0023,2026-05-13T00:14:22Z
2026-08-19,2026-08-19T05:31:49,civil_engineer,Professional Civil Engineer,Hire Resolve,"Johannesburg, Gauteng",https://www.adzuna.co.za/details/5826136285?utm_medium=api&utm_source=cc1e0023,2026-08-03T01:26:20Z
2026-08-19,2026-08-19T05:31:49,civil_engineer,Civil Engineering Technologist,Hire Resolve,"Cape Town City Centre, Cape Town Region",https://www.adzuna.co.za/details/5824833833?utm_medium=api&utm_source=cc1e0023,2026-08-02T01:21:20Z
2026-08-19,2026-08-19T05:31:49,civil_engineer,PR Civil Engineer,Hire Resolve,"Secunda, Govan Mbeki",https://www.adzuna.co.za/details/5821707920?utm_medium=api&utm_source=cc1e0023,2026-07-31T01:21:05Z
2026-08-19,2026-08-19T05:31:49,marketing_specialist,Marketing Specialist / Marketing Coordinator,,"Nelspruit, Mbombela",https://www.adzuna.co.za/land/ad/5813132324?se=YJD0U8Wa8RGUB5DVI-MNcg&utm_medium=api&utm_source=cc1e0023&v=6BDFB8D10671FCF0DC6E96BFDF12C3F8FDE97FA8,2026-07-24T03:21:33Z
2026-08-19,2026-08-19T05:31:49,marketing_specialist,Digital Marketing Specialist,,"Cape Town City Centre, Cape Town Region",https://www.adzuna.co.za/land/ad/5814749863?se=YJD0U8Wa8RGUB5DVI-MNcg&utm_medium=api&utm_source=cc1e0023&v=954767B5336F2CB96A220EB33A2A4167154BCA05,2026-07-25T03:17:53Z
2026-08-19,2026-08-19T05:31:49,marketing_specialist,Trade Customer Marketing Specialist,,"Cape Town Region, Western Cape",https://www.adzuna.co.za/land/ad/5805529501?se=YJD0U8Wa8RGUB5DVI-MNcg&utm_medium=api&utm_source=cc1e0023&v=245AC0DAE8E4FE681C2B3E295BDA94282F8B3E4A,2026-07-18T02:59:09Z
2026-08-19,2026-08-19T05:31:49,marketing_specialist,Marketing Specialist,Huzzle,South Africa,https://www.adzuna.co.za/details/5730451180?utm_medium=api&utm_source=cc1e0023,2026-05-15T18:21:59Z
2026-08-19,2026-08-19T05:31:49,marketing_specialist,Marketing Specialist,Hire Resolve,"Pretoria, Tshwane",https://www.adzuna.co.za/details/5465817867?utm_medium=api&utm_source=cc1e0023,2025-10-27T06:52:01Z
2026-08-19,2026-08-19T05:31:49,marketing_specialist,Marketing Specialist,Remote Raven,South Africa,https://www.adzuna.co.za/details/5747581611?utm_medium=api&utm_source=cc1e0023,2026-06-01T14:48:10Z
2026-08-19,2026-08-19T05:31:49,marketing_specialist,Marketing Specialist,,"Kensington, East Johannesburg",https://www.adzuna.co.za/details/5829860229?utm_medium=api&utm_source=cc1e0023,2026-08-06T03:24:40Z
2026-08-19,2026-08-19T05:31:49,marketing_specialist,MARKETING SPECIALIST,,"Mamelodi, Pretoria",https://www.adzuna.co.za/details/5355487838?utm_medium=api&utm_source=cc1e0023,2025-08-16T22:24:06Z
2026-08-19,2026-08-19T05:31:49,marketing_specialist,Marketing Specialist,,"Johannesburg, Gauteng",https://www.adzuna.co.za/land/ad/5819132571?se=YJD0U8Wa8RGUB5DVI-MNcg&utm_medium=api&utm_source=cc1e0023&v=C0E5E660D07EB80E1B56258E2032EEB245ADC2EE,2026-07-29T03:23:35Z
2026-08-19,2026-08-19T05:31:49,marketing_specialist,Marketing Specialist,The Talent Room,"Eden, Western Cape",https://www.adzuna.co.za/details/5777205537?utm_medium=api&utm_source=cc1e0023,2026-06-26T05:42:37Z
2026-08-19,2026-08-19T05:31:49,marketing_specialist,Marketing Specialist,Flink Recruit Pretoria,"Pretoria, Tshwane",https://www.adzuna.co.za/details/5842849312?utm_medium=api&utm_source=cc1e0023,2026-08-15T10:02:37Z
2026-08-19,2026-08-19T05:31:49,marketing_specialist,Marketing Specialist,NNW Tech Solutions,"Johannesburg, Gauteng",https://www.adzuna.co.za/details/5827034101?utm_medium=api&utm_source=cc1e0023,2026-08-04T00:32:16Z
2026-08-19,2026-08-19T05:31:49,marketing_specialist,Marketing Specialist,Communicate Ct,"Cape Town Region, Western Cape",https://www.adzuna.co.za/details/5758520252?utm_medium=api&utm_source=cc1e0023,2026-06-10T14:41:26Z
2026-08-19,2026-08-19T05:31:49,marketing_specialist,Marketing Specialist,Dante Group  Ltd,"Midrand, North Johannesburg",https://www.adzuna.co.za/details/5757474745?utm_medium=api&utm_source=cc1e0023,2026-06-09T21:03:12Z
2026-08-19,2026-08-19T05:31:49,marketing_specialist,Marketing Specialist / Marketing Coordinator,ARCS,"Nelspruit, Mbombela",https://www.adzuna.co.za/details/5808820011?utm_medium=api&utm_source=cc1e0023,2026-07-21T05:33:26Z
2026-08-19,2026-08-19T05:31:49,marketing_specialist,Marketing Specialist / Marketing Coordinator,Accredited Resource Consulting Services,"Nelspruit, Mbombela",https://www.adzuna.co.za/details/5809469814?utm_medium=api&utm_source=cc1e0023,2026-07-21T17:27:43Z
2026-08-19,2026-08-19T05:31:49,marketing_specialist,Senior Marketing Specialist,Huzzle,South Africa,https://www.adzuna.co.za/details/5795622592?utm_medium=api&utm_source=cc1e0023,2026-07-10T14:46:47Z
2026-08-19,2026-08-19T05:31:49,marketing_specialist,Digital Marketing Specialist,Pavago,South Africa,https://www.adzuna.co.za/details/5794675979?utm_medium=api&utm_source=cc1e0023,2026-07-09T23:52:06Z
2026-08-19,2026-08-19T05:31:49,marketing_specialist,Performance Marketing Specialist,Pavago,South Africa,https://www.adzuna.co.za/details/5842144842?utm_medium=api&utm_source=cc1e0023,2026-08-14T22:29:08Z
2026-08-19,2026-08-19T05:31:49,marketing_specialist,Marketing Specialist - Cybersecurity,Huzzle,South Africa,https://www.adzuna.co.za/details/5707229899?utm_medium=api&utm_source=cc1e0023,2026-04-22T16:26:48Z
2026-08-19,2026-08-19T05:31:49,marketing_specialist,Digital Marketing Specialist,Houst,"Cape Town Region, Western Cape",https://www.adzuna.co.za/details/5832031615?utm_medium=api&utm_source=cc1e0023,2026-08-07T16:11:37Z
2026-08-19,2026-08-19T05:31:49,marketing_specialist,Digital Marketing Specialist,Hire Resolve,"Durban, eThekwini",https://www.adzuna.co.za/details/5488502078?utm_medium=api&utm_source=cc1e0023,2025-11-09T16:52:54Z
2026-08-19,2026-08-19T05:31:49,marketing_specialist,Email Marketing Specialist,Pavago,South Africa,https://www.adzuna.co.za/details/5840948216?utm_medium=api&utm_source=cc1e0023,2026-08-14T01:27:07Z
2026-08-19,2026-08-19T05:31:49,marketing_specialist,Senior Marketing Specialist,Huzzle,South Africa,https://www.adzuna.co.za/details/5736499688?utm_medium=api&utm_source=cc1e0023,2026-05-21T15:51:20Z
2026-08-19,2026-08-19T05:31:49,marketing_specialist,Digital Marketing Specialist,Epsidon Technology Holdings,"Midrand, North Johannesburg",https://www.adzuna.co.za/details/5720947217?utm_medium=api&utm_source=cc1e0023,2026-05-07T00:37:42Z
2026-08-19,2026-08-19T05:31:49,marketing_specialist,Performance Marketing Specialist,KingMakers,"Cape Town Region, Western Cape",https://www.adzuna.co.za/details/5821349786?utm_medium=api&utm_source=cc1e0023,2026-07-30T19:08:53Z
2026-08-19,2026-08-19T05:31:49,marketing_specialist,Recruitment Marketing Specialist,CrewBloom,South Africa,https://www.adzuna.co.za/details/5723089462?utm_medium=api&utm_source=cc1e0023,2026-05-08T17:42:43Z
2026-08-19,2026-08-19T05:31:49,marketing_specialist,Marketing Specialist - SaaS,Huzzle,South Africa,https://www.adzuna.co.za/details/5701335965?utm_medium=api&utm_source=cc1e0023,2026-04-16T13:02:44Z
2026-08-19,2026-08-19T05:31:49,marketing_specialist,Email Marketing Specialist,Huzzle,South Africa,https://www.adzuna.co.za/details/5785450632?utm_medium=api&utm_source=cc1e0023,2026-07-02T15:58:33Z
2026-08-19,2026-08-19T05:31:49,marketing_specialist,Performance Marketing Specialist,,"Kensington, East Johannesburg",https://www.adzuna.co.za/details/5655701154?utm_medium=api&utm_source=cc1e0023,2026-03-06T01:47:32Z
2026-08-19,2026-08-19T05:31:50,software_engineer,Intermediate Software Engineer,,"Johannesburg, Gauteng",https://www.adzuna.co.za/land/ad/5820539472?se=NNmmncWa8RGfRuc056oPGQ&utm_medium=api&utm_source=cc1e0023&v=EB7B2B9DBD0ECCB392866D0EAD6FAC09AB46CBFF,2026-07-30T03:23:45Z
2026-08-19,2026-08-19T05:31:50,software_engineer,Software Engineer,,"Johannesburg, Gauteng",https://www.adzuna.co.za/land/ad/5819132689?se=NNmmncWa8RGfRuc056oPGQ&utm_medium=api&utm_source=cc1e0023&v=EF3C73DBB5F809C8F32B690ED55E8AC859F2D9E4,2026-07-29T03:23:35Z
2026-08-19,2026-08-19T05:31:50,software_engineer,Software Engineer,,"Port Elizabeth, Nelson Mandela Bay",https://www.adzuna.co.za/land/ad/5705603185?se=NNmmncWa8RGfRuc056oPGQ&utm_medium=api&utm_source=cc1e0023&v=EDE9F52EF1F7F5F46ED895230D65BE7318B4EC21,2026-04-21T02:13:09Z
2026-08-19,2026-08-19T05:31:50,software_engineer,Odin Checkpoint Software Engineer,,"Port Elizabeth, Nelson Mandela Bay",https://www.adzuna.co.za/land/ad/5839166785?se=NNmmncWa8RGfRuc056oPGQ&utm_medium=api&utm_source=cc1e0023&v=F14C414161CCA5A63E409061988D235F79A21ECF,2026-08-13T03:28:41Z
2026-08-19,2026-08-19T05:31:50,software_engineer,Senior Software Engineer,,"Pretoria, Tshwane",https://www.adzuna.co.za/land/ad/5375325242?se=NNmmncWa8RGfRuc056oPGQ&utm_medium=api&utm_source=cc1e0023&v=010690C414AFA75E0C32E01EB739FD0B01153DA2,2025-08-30T22:06:45Z
2026-08-19,2026-08-19T05:31:50,software_engineer,Senior Software Engineer,,"Cape Town City Centre, Cape Town Region",https://www.adzuna.co.za/land/ad/5816026498?se=NNmmncWa8RGfRuc056oPGQ&utm_medium=api&utm_source=cc1e0023&v=596F5188F44F712D3D8FF5F5EAC90512E246356F,2026-07-26T03:19:08Z
2026-08-19,2026-08-19T05:31:50,software_engineer,DSP Software Engineer,,"Pretoria, Tshwane",https://www.adzuna.co.za/land/ad/5473364829?se=NNmmncWa8RGfRuc056oPGQ&utm_medium=api&utm_source=cc1e0023&v=D0C8390F2C0A927A77801C0A5DE54FBE8401DF13,2025-10-31T22:49:41Z
2026-08-19,2026-08-19T05:31:50,software_engineer,Fullstack Software Engineer,,"Cape Town City Centre, Cape Town Region",https://www.adzuna.co.za/land/ad/5811662146?se=NNmmncWa8RGfRuc056oPGQ&utm_medium=api&utm_source=cc1e0023&v=30C26772937562145AF9E284A8148BD74231F169,2026-07-23T03:15:38Z
2026-08-19,2026-08-19T05:31:50,software_engineer,Embedded Software Engineer,,"Centurion, Tshwane",https://www.adzuna.co.za/land/ad/5800527170?se=NNmmncWa8RGfRuc056oPGQ&utm_medium=api&utm_source=cc1e0023&v=617B9C2AF438A49165A553126CDCF8D1635DF8E1,2026-07-15T02:59:06Z
2026-08-19,2026-08-19T05:31:50,software_engineer,Intermediate Full-Stack Software Engineer,,"Johannesburg, Gauteng",https://www.adzuna.co.za/land/ad/5823123091?se=NNmmncWa8RGfRuc056oPGQ&utm_medium=api&utm_source=cc1e0023&v=06F28F22B34FEF61DF78A0595F81DCA637E0C0C3,2026-08-01T03:15:40Z
2026-08-19,2026-08-19T05:31:50,software_engineer,Computer / Electronic Software Engineer,,"Johannesburg, Gauteng",https://www.adzuna.co.za/land/ad/5771211886?se=NNmmncWa8RGfRuc056oPGQ&utm_medium=api&utm_source=cc1e0023&v=F32EB0EA04BEE04B72379D72220B9CC2DEFAFD22,2026-06-21T02:45:10Z
2026-08-19,2026-08-19T05:31:50,software_engineer,Software Engineer - Java/Kafka,,"Cape Town City Centre, Cape Town Region",https://www.adzuna.co.za/land/ad/5814750305?se=NNmmncWa8RGfRuc056oPGQ&utm_medium=api&utm_source=cc1e0023&v=7BF9B7ECDD785CDC03B825ACE1BD526112A7AD37,2026-07-25T03:18:18Z
2026-08-19,2026-08-19T05:31:50,software_engineer,Senior Software Engineer (JHB),,"Johannesburg, Gauteng",https://www.adzuna.co.za/land/ad/5828564440?se=NNmmncWa8RGfRuc056oPGQ&utm_medium=api&utm_source=cc1e0023&v=B5891B8E23AC284A9C4DC0BC20BE35C7414170C8,2026-08-05T03:23:49Z
2026-08-19,2026-08-19T05:31:50,software_engineer,Embedded Software Engineer - Protocols,,"Pretoria, Tshwane",https://www.adzuna.co.za/land/ad/5471633506?se=NNmmncWa8RGfRuc056oPGQ&utm_medium=api&utm_source=cc1e0023&v=540713BD0B9595935B9898C6938DDE09F736C50D,2025-10-30T22:53:58Z
2026-08-19,2026-08-19T05:31:50,software_engineer,Embedded Software Engineer Durban,,"Durban, eThekwini",https://www.adzuna.co.za/land/ad/5806674785?se=NNmmncWa8RGfRuc056oPGQ&utm_medium=api&utm_source=cc1e0023&v=F337ED9FE2954C9A8D207799575619C87F8456F7,2026-07-19T02:59:18Z
2026-08-19,2026-08-19T05:31:50,software_engineer,Senior Cloud Software Engineer.,,"Johannesburg, Gauteng",https://www.adzuna.co.za/land/ad/5817844000?se=NNmmncWa8RGfRuc056oPGQ&utm_medium=api&utm_source=cc1e0023&v=3AB439D8FCAEE4BB8C78C33B112B9B50A3565B72,2026-07-28T03:14:04Z
2026-08-19,2026-08-19T05:31:50,software_engineer,Software Engineer,iqbusiness South Africa,"Cape Town City Centre, Cape Town Region",https://www.adzuna.co.za/details/5689241704?utm_medium=api&utm_source=cc1e0023,2026-04-03T23:44:35Z
2026-08-19,2026-08-19T05:31:50,software_engineer,Software Engineer,TransLution Software LLC,"Johannesburg, Gauteng",https://www.adzuna.co.za/details/5624412270?utm_medium=api&utm_source=cc1e0023,2026-02-11T18:48:17Z
2026-08-19,2026-08-19T05:31:50,software_engineer,Software Engineer,Dis-Chem Life,"Johannesburg, Gauteng",https://www.adzuna.co.za/details/5662929159?utm_medium=api&utm_source=cc1e0023,2026-03-12T23:21:48Z
2026-08-19,2026-08-19T05:31:50,software_engineer,Software Engineer,Hire Resolve,"Johannesburg, Gauteng",https://www.adzuna.co.za/details/5478533103?utm_medium=api&utm_source=cc1e0023,2025-11-03T19:42:21Z
2026-08-19,2026-08-19T05:31:50,software_engineer,Software Engineer,Hire Resolve,"Johannesburg, Gauteng",https://www.adzuna.co.za/details/5449709561?utm_medium=api&utm_source=cc1e0023,2025-10-16T06:41:14Z
2026-08-19,2026-08-19T05:31:50,software_engineer,Software Engineer,Parvana,"Johannesburg, Gauteng",https://www.adzuna.co.za/details/5823024710?utm_medium=api&utm_source=cc1e0023,2026-08-01T02:26:47Z
2026-08-19,2026-08-19T05:31:50,software_engineer,Software Engineer,,"Bo-Kaap, Cape Town City Centre",https://www.adzuna.co.za/details/5296215206?utm_medium=api&utm_source=cc1e0023,2025-07-10T21:32:58Z
2026-08-19,2026-08-19T05:31:50,software_engineer,Software Engineer,,"Mamelodi, Pretoria",https://www.adzuna.co.za/details/5842567819?utm_medium=api&utm_source=cc1e0023,2026-08-15T04:15:56Z
2026-08-19,2026-08-19T05:31:50,software_engineer,Software Engineer,Staffsols,"Port Elizabeth, Nelson Mandela Bay",https://www.adzuna.co.za/details/5707656176?utm_medium=api&utm_source=cc1e0023,2026-04-23T00:12:38Z
2026-08-19,2026-08-19T05:31:50,software_engineer,Software Engineer,,"Pretoria, Tshwane",https://www.adzuna.co.za/land/ad/5831354221?se=NNmmncWa8RGfRuc056oPGQ&utm_medium=api&utm_source=cc1e0023&v=BDB11F4FE9821CA9AFE246F3984C19D8B345FE46,2026-08-07T03:19:08Z
2026-08-19,2026-08-19T05:31:50,software_engineer,Software Engineer,Network Engineering,"Pretoria, Tshwane",https://www.adzuna.co.za/details/5830177203?utm_medium=api&utm_source=cc1e0023,2026-08-06T10:07:04Z
2026-08-19,2026-08-19T05:31:50,software_engineer,Software Engineer,,"Centurion, Tshwane",https://www.adzuna.co.za/details/5655701995?utm_medium=api&utm_source=cc1e0023,2026-03-06T01:47:45Z
2026-08-19,2026-08-19T05:31:50,software_engineer,Software Engineer,,"Germiston, Ekurhuleni",https://www.adzuna.co.za/details/5324497265?utm_medium=api&utm_source=cc1e0023,2025-07-27T21:40:20Z
2026-08-19,2026-08-19T05:31:50,software_engineer,Software Engineer,,"Kensington, East Johannesburg",https://www.adzuna.co.za/details/5820548288?utm_medium=api&utm_source=cc1e0023,2026-07-30T03:25:53Z
2026-08-19,2026-08-19T05:31:50,data_scientist,Data Scientist,,"Johannesburg, Gauteng",https://www.adzuna.co.za/land/ad/5813131904?se=Wm9zusWa8RGa-tdtBJjPpA&utm_medium=api&utm_source=cc1e0023&v=8760F520D633DCDB1384AA1CD05EC953981318D9,2026-07-24T03:21:31Z
2026-08-19,2026-08-19T05:31:50,data_scientist,Credit Risk Data Scientist,,"Johannesburg, Gauteng",https://www.adzuna.co.za/land/ad/5841096352?se=Wm9zusWa8RGa-tdtBJjPpA&utm_medium=api&utm_source=cc1e0023&v=0A0527A0D751906757731B590DC530E3D016572E,2026-08-14T03:42:27Z
2026-08-19,2026-08-19T05:31:50,data_scientist,Senior Data Scientist,Growth Farm PTY LTD,"Port Elizabeth, Nelson Mandela Bay",https://www.adzuna.co.za/land/ad/5798543166?se=Wm9zusWa8RGa-tdtBJjPpA&utm_medium=api&utm_source=cc1e0023&v=6B2CE27BE2E2DF4E825BFE8F7173FB384BCD8B56,2026-07-13T06:52:15Z
2026-08-19,2026-08-19T05:31:50,data_scientist,Data Scientist,Hire Resolve,"Johannesburg, Gauteng",https://www.adzuna.co.za/details/5489460876?utm_medium=api&utm_source=cc1e0023,2025-11-10T16:53:29Z
2026-08-19,2026-08-19T05:31:50,data_scientist,Data Scientist,Hire Resolve,"Johannesburg, Gauteng",https://www.adzuna.co.za/details/5826133314?utm_medium=api&utm_source=cc1e0023,2026-08-03T01:25:43Z
2026-08-19,2026-08-19T05:31:50,data_scientist,Data Scientist,Factory 209  Ltd T/A Gradlinc,"Gauteng, South Africa",https://www.adzuna.co.za/details/5766015321?utm_medium=api&utm_source=cc1e0023,2026-06-17T00:06:01Z
2026-08-19,2026-08-19T05:31:50,data_scientist,Data Scientist,ATS Client,"Johannesburg, Gauteng",https://www.adzuna.co.za/details/5804436631?utm_medium=api&utm_source=cc1e0023,2026-07-17T07:03:10Z
2026-08-19,2026-08-19T05:31:50,data_scientist,Data Scientist,,"Midrand, North Johannesburg",https://www.adzuna.co.za/details/5842567817?utm_medium=api&utm_source=cc1e0023,2026-08-15T04:15:56Z
2026-08-19,2026-08-19T05:31:50,data_scientist,Data Scientist,Network1,"Cape Town Region, Western Cape",https://www.adzuna.co.za/details/5823551071?utm_medium=api&utm_source=cc1e0023,2026-08-01T10:13:20Z
2026-08-19,2026-08-19T05:31:50,data_scientist,Data Scientist,,"Midrand, North Johannesburg",https://www.adzuna.co.za/land/ad/5831354192?se=Wm9zusWa8RGa-tdtBJjPpA&utm_medium=api&utm_source=cc1e0023&v=095C7BA3E40FA87568AC3024CD3220234D974EA8,2026-08-07T03:19:08Z
2026-08-19,2026-08-19T05:31:50,data_scientist,Data Scientist,Network Contracting,"Midrand, North Johannesburg",https://www.adzuna.co.za/details/5833184703?utm_medium=api&utm_source=cc1e0023,2026-08-08T10:04:25Z
2026-08-19,2026-08-19T05:31:50,data_scientist,Data Scientist,Network Contracting Solutions,"Midrand, North Johannesburg",https://www.adzuna.co.za/details/5831948336?utm_medium=api&utm_source=cc1e0023,2026-08-07T13:38:50Z
2026-08-19,2026-08-19T05:31:50,data_scientist,Data Scientist,BigTalent,"Cape Town Region, Western Cape",https://www.adzuna.co.za/details/5768864115?utm_medium=api&utm_source=cc1e0023,2026-06-19T04:36:47Z
2026-08-19,2026-08-19T05:31:50,data_scientist,Data Scientist,GVW Group,"Durbanville, Cape Town City Centre",https://www.adzuna.co.za/details/5846028607?utm_medium=api&utm_source=cc1e0023,2026-08-18T06:13:44Z
2026-08-19,2026-08-19T05:31:50,data_scientist,Data Scientist,"Gvw Group, Llc",South Africa,https://www.adzuna.co.za/details/5768867084?utm_medium=api&utm_source=cc1e0023,2026-06-19T04:37:28Z
2026-08-19,2026-08-19T05:31:50,data_scientist,Data Scientist,Network Finance,South Africa,https://www.adzuna.co.za/details/5816226890?utm_medium=api&utm_source=cc1e0023,2026-07-26T07:21:38Z
2026-08-19,2026-08-19T05:31:50,data_scientist,Data Scientist,Agile Bridge,"Pretoria, Tshwane",https://www.adzuna.co.za/details/5785471976?utm_medium=api&utm_source=cc1e0023,2026-07-02T16:07:34Z
2026-08-19,2026-08-19T05:31:50,data_scientist,Data Scientist,Pepkor Lifestyle,"Sandton, North Johannesburg",https://www.adzuna.co.za/details/5768869360?utm_medium=api&utm_source=cc1e0023,2026-06-19T04:38:04Z
2026-08-19,2026-08-19T05:31:50,data_scientist,Data Scientist,Network1,"Cape Town Region, Western Cape",https://www.adzuna.co.za/details/5816584715?utm_medium=api&utm_source=cc1e0023,2026-07-26T17:26:20Z
2026-08-19,2026-08-19T05:31:50,data_scientist,Data Scientist,PEP,"Cape Town Region, Western Cape",https://www.adzuna.co.za/details/5796364970?utm_medium=api&utm_source=cc1e0023,2026-07-11T03:01:28Z
2026-08-19,2026-08-19T05:31:50,data_scientist,Data Scientist,Airfinity Ltd,South Africa,https://www.adzuna.co.za/details/5768867319?utm_medium=api&utm_source=cc1e0023,2026-06-19T04:37:31Z
2026-08-19,2026-08-19T05:31:50,data_scientist,Data Scientist,,"Kensington, East Johannesburg",https://www.adzuna.co.za/details/5823133296?utm_medium=api&utm_source=cc1e0023,2026-08-01T03:17:32Z
2026-08-19,2026-08-19T05:31:50,data_scientist,Data Scientist,,"Stellenbosch, Cape Winelands",https://www.adzuna.co.za/details/5824971281?utm_medium=api&utm_source=cc1e0023,2026-08-02T03:18:36Z
2026-08-19,2026-08-19T05:31:50,data_scientist,Data Scientist,MBR Partners,South Africa,https://www.adzuna.co.za/details/5457741416?utm_medium=api&utm_source=cc1e0023,2025-10-21T19:46:22Z
2026-08-19,2026-08-19T05:31:50,data_scientist,Data Scientist,Betway Group,"Johannesburg, Gauteng",https://www.adzuna.co.za/details/5787584128?utm_medium=api&utm_source=cc1e0023,2026-07-04T06:32:59Z
2026-08-19,2026-08-19T05:31:50,data_scientist,Data Scientist,Factory 209  Ltd T/A Gradlinc,"Western Cape, South Africa",https://www.adzuna.co.za/details/5766018813?utm_medium=api&utm_source=cc1e0023,2026-06-17T00:14:21Z
2026-08-19,2026-08-19T05:31:50,data_scientist,Data Scientist,Communicate Ct,"Stellenbosch, Cape Winelands",https://www.adzuna.co.za/details/5763609160?utm_medium=api&utm_source=cc1e0023,2026-06-14T14:40:34Z
2026-08-19,2026-08-19T05:31:50,data_scientist,Data Scientist,TechnoServe,"Central Johannesburg, Johannesburg",https://www.adzuna.co.za/details/5508298941?utm_medium=api&utm_source=cc1e0023,2025-11-21T22:07:07Z
2026-08-19,2026-08-19T05:31:50,data_scientist,Data Scientist,Calibrate People,"Sandton, North Johannesburg",https://www.adzuna.co.za/details/5768871053?utm_medium=api&utm_source=cc1e0023,2026-06-19T04:38:27Z
2026-08-19,2026-08-19T05:31:50,data_scientist,Data Scientist,FirstRand Bank,"Central Johannesburg, Johannesburg",https://www.adzuna.co.za/details/5840006003?utm_medium=api&utm_source=cc1e0023,2026-08-13T10:01:47Z
